Name,URL
Affiliate Marketing,https://www.notion.so/1b4e2fe9af1d80c5951cfa4b140f70eb?v=1b4e2fe9af1d8011a486000c0fbe1ab1
Affiliate Marketing Gallery View,https://www.notion.so/1b4e2fe9af1d80c5951cfa4b140f70eb?v=1b4e2fe9af1d80bfa1ad000c48abcece
AI Tools,https://www.notion.so/1b4e2fe9af1d80bcba13e0624afd929f?v=1b4e2fe9af1d80f0af1d000c8234a07c
AI Tools Gallery View,https://www.notion.so/1b4e2fe9af1d80bcba13e0624afd929f?v=1b4e2fe9af1d80bc901a000c2cc8a6c1
Amazon Influencer,https://www.notion.so/1b4e2fe9af1d808f8332f27fcb6851d6?v=1b4e2fe9af1d807284b1000c05627d1f
Amazon Influencer Gallery View,https://www.notion.so/1b4e2fe9af1d808f8332f27fcb6851d6?v=1b4e2fe9af1d80f4ba6f000c7f12ca3a
App Building Gallery View,https://www.notion.so/1b5e2fe9af1d80b4b88ffef50c6bf4d7?v=1b5e2fe9af1d80858a06000ccc430aea&pvs=4
App Building,https://www.notion.so/1b5e2fe9af1d80b4b88ffef50c6bf4d7?v=1b5e2fe9af1d80baa534000c256d6049
Audio & Podcasting,https://www.notion.so/1b4e2fe9af1d80ea8b43c66a72260daa?v=1b4e2fe9af1d808eafbf000c2dc7e2a3&pvs=4
Audio & Podcasting Gallery View,https://www.notion.so/1b4e2fe9af1d80ea8b43c66a72260daa?v=1b4e2fe9af1d80e8b3c3000ca03d9ac4
Design Gallery View,https://www.notion.so/1b5e2fe9af1d80b9a075e5965c051d08?v=1b5e2fe9af1d8033bf09000c66de3f9a
Design,https://www.notion.so/1b5e2fe9af1d80b9a075e5965c051d08?v=1b5e2fe9af1d805d8c21000c58f50a67
Education Gallery View,https://www.notion.so/1b5e2fe9af1d8074851dc417e303eb1b?v=1b5e2fe9af1d8020aa48000cb05aebdd
Education,https://www.notion.so/1b5e2fe9af1d8074851dc417e303eb1b?v=1b5e2fe9af1d80b3a187000c30d5aadb
Investing Gallery View,https://www.notion.so/1b6e2fe9af1d802ca8daf3c57f09fc97?v=1b6e2fe9af1d807babb6000c1db4b234
Investing ,https://www.notion.so/1b6e2fe9af1d802ca8daf3c57f09fc97?v=1b6e2fe9af1d80509028000c4053ad17
KDP Gallery View,https://www.notion.so/1b6e2fe9af1d803babeedd61c5c315ca?v=1b6e2fe9af1d80df84e6000cb4ad59d5
KDP,https://www.notion.so/1b6e2fe9af1d803babeedd61c5c315ca?v=1b6e2fe9af1d8060aa1b000c0123b2d2
Newsletter,https://www.notion.so/1b5e2fe9af1d8057836ac22c499500ea?v=1b5e2fe9af1d80b4a6b9000cddd0bc44&pvs=4
Newsletter Gallery View,https://www.notion.so/1b5e2fe9af1d8057836ac22c499500ea?v=1b5e2fe9af1d80838413000ceb8d8ee1
Print On Demand Gallery View,https://www.notion.so/1b6e2fe9af1d804f820ae465ddd641d2?v=1b6e2fe9af1d80fa9b12000c5e9c6649&pvs=4
Print On Demand,https://www.notion.so/1b6e2fe9af1d804f820ae465ddd641d2?v=1b6e2fe9af1d80099dda000c01e745ff
Remote Jobs,https://www.notion.so/Remote-Jobs-1b6e2fe9af1d8063b600ebce1bf733af
Social Media,https://www.notion.so/1b4e2fe9af1d80e7ac95cba93f0ad2aa?v=1b4e2fe9af1d80b1895b000cb20f5379&pvs=4
Social Media Gallery View,https://www.notion.so/1b4e2fe9af1d80e7ac95cba93f0ad2aa?v=1b4e2fe9af1d80beb0de000c63da51b3
Travel Gallery View,https://www.notion.so/1b7e2fe9af1d801090e5cd3e8f146da0?v=1b7e2fe9af1d807f9c2e000c8df68f9a&pvs=4
Travel,https://www.notion.so/1b7e2fe9af1d801090e5cd3e8f146da0?v=1b7e2fe9af1d8091925a000c31d3b877
UGC,https://www.notion.so/1b5e2fe9af1d8058977ad6f0a39bee5a?v=1b5e2fe9af1d80a8a8c7000c47b5673e&pvs=4
UGC Gallery View,https://www.notion.so/1b5e2fe9af1d8058977ad6f0a39bee5a?v=1b5e2fe9af1d80f1a06b000c32e9cc83
Website & SEO Gallery View,https://www.notion.so/1b7e2fe9af1d804f83f5cca838cefe2d?v=1b7e2fe9af1d802e8e2b000c15aca99f&pvs=4
Website & SEO,https://www.notion.so/1b7e2fe9af1d804f83f5cca838cefe2d?v=1b7e2fe9af1d80579588000c6248ceb7
Whop,https://www.notion.so/Whop-1e1e2fe9af1d80688bd9c44ad70c3a34
Youtube & Tiktok Gallery,https://www.notion.so/1b7e2fe9af1d805386adc749f9611772?v=1b7e2fe9af1d809186bc000cd424494e&pvs=4
Youtube & Tiktok,https://www.notion.so/1b7e2fe9af1d805386adc749f9611772?v=1b7e2fe9af1d8085bbad000c7abb8343